{"cameraMode":{"drawMode":0,"name":"Shaded","section":"Shading Mode"},"sceneLighting":true,"audioPlay":false,"sceneViewState":{"m_AlwaysRefresh":false,"showFog":true,"showSkybox":true,"showFlares":true,"showImageEffects":true,"showParticleSystems":true,"showVisualEffectGraphs":true,"m_FxEnabled":true},"in2DMode":false,"pivot":{"x":0.6202932000160217,"y":0.18528831005096436,"z":1.6782755851745606},"rotation":{"x":0.2675035297870636,"y":-0.24740329384803773,"z":0.07127591967582703,"w":0.9285227656364441},"size":2.1864712238311769,"orthographic":false}